,release_date,release_year,title,genre,prod_method,dom_gross,int_gross,world_gross,release_month,release_season
0,"Dec 18, 2015",2015,Star Wars Ep. VII: The Force Awakens,Adventure,Animation/Live Action,936662225,1128815859,2065478084,December,Fall
1,"Jun 12, 2015",2015,Jurassic World,Action,Live Action,652270625,1017673342,1669943967,June,Spring
2,"May 1, 2015",2015,Avengers: Age of Ultron,Action,Animation/Live Action,459005868,937093334,1396099202,May,Spring
3,"Jun 19, 2015",2015,Inside Out,Adventure,Digital Animation,356461711,498748492,855210203,June,Spring
4,"Apr 3, 2015",2015,Furious 7,Action,Live Action,353007020,1165715774,1518722794,April,Spring
5,"Jul 10, 2015",2015,Minions,Adventure,Digital Animation,336045770,823585370,1159631140,July,Summer
6,"Nov 20, 2015",2015,The Hunger Games: Mockingjay - Part 2,Thriller/Suspense,Live Action,281723902,367262885,648986787,November,Fall
7,"Oct 2, 2015",2015,The Martian,Thriller/Suspense,Live Action,228433663,426760537,655194200,October,Fall
8,"Mar 13, 2015",2015,Cinderella,Drama,Live Action,201151353,333400000,534551353,March,Winter
9,"Nov 6, 2015",2015,Spectre,Action,Live Action,200074175,679426585,879500760,November,Fall
10,"Jul 31, 2015",2015,Mission: ImpossibleâRogue Nation,Action,Live Action,195042377,493816615,688858992,July,Summer
11,"May 15, 2015",2015,Pitch Perfect 2,Comedy,Live Action,184296230,103329238,287625468,May,Spring
12,"Dec 25, 2015",2015,The Revenant,Adventure,Live Action,183637894,349300408,532938302,December,Fall
13,"Jul 17, 2015",2015,Ant-Man,Action,Live Action,180202163,338656286,518858449,July,Summer
14,"Mar 27, 2015",2015,Home,Adventure,Digital Animation,177397510,208600386,385997896,March,Winter
15,"Sep 25, 2015",2015,Hotel Transylvania 2,Adventure,Digital Animation,169700110,299800188,469500298,September,Summer
16,"Feb 13, 2015",2015,Fifty Shades of Grey,Drama,Live Action,166167230,404830871,570998101,February,Winter
17,"Feb 6, 2015",2015,The SpongeBob Movie: Sponge Out of Water,Adventure,Animation/Live Action,162994032,148019149,311013181,February,Winter
18,"Aug 14, 2015",2015,Straight Outta Compton,Drama,Live Action,161197785,40985196,202182981,August,Summer
19,"May 29, 2015",2015,San Andreas,Adventure,Live Action,155190832,301067707,456258539,May,Spring
20,"May 15, 2015",2015,Mad Max: Fury Road,Action,Live Action,153636354,214607282,368243636,May,Spring
21,"Dec 25, 2015",2015,Daddyâs Home,Comedy,Live Action,150357137,91147852,241504989,December,Fall
22,"Mar 20, 2015",2015,The Divergent Series: Insurgent,Action,Live Action,130179072,164896810,295075882,March,Winter
23,"Nov 6, 2015",2015,The Peanuts Movie,Adventure,Digital Animation,130178411,119913199,250091610,November,Fall
24,"Feb 13, 2015",2015,Kingsman: The Secret Service,Action,Live Action,128261724,276300000,404561724,February,Winter
25,"Nov 25, 2015",2015,The Good Dinosaur,Adventure,Digital Animation,123087120,210683917,333771037,November,Fall
26,"Jun 5, 2015",2015,Spy!,Comedy,Live Action,110825712,121760036,232585748,June,Spring
27,"Jul 17, 2015",2015,Trainwreck,Comedy,Live Action,110212700,30911197,141123897,July,Summer
28,"Nov 25, 2015",2015,Creed,Drama,Live Action,109767581,63800000,173567581,November,Fall
29,"May 22, 2015",2015,Tomorrowland,Adventure,Live Action,93436322,113191196,206627518,May,Spring
30,"Mar 27, 2015",2015,Get Hard,Comedy,Live Action,90411453,16100000,106511453,March,Winter
31,"Jul 1, 2015",2015,Terminator: Genisys,Action,Live Action,89760956,342389938,432150894,July,Summer
32,"Dec 18, 2015",2015,Sisters,Comedy,Live Action,87044645,18986015,106030660,December,Fall
33,"Dec 18, 2015",2015,Alvin and the Chipmunks: The Road Chip,Adventure,Animation/Live Action,85886987,163630969,249517956,December,Fall
34,"Sep 18, 2015",2015,Maze Runner: The Scorch Trials,Thriller/Suspense,Live Action,81697192,228868970,310566162,September,Summer
35,"Jun 26, 2015",2015,Ted 2,Comedy,Animation/Live Action,81476385,135737758,217214143,June,Spring
36,"Oct 16, 2015",2015,Goosebumps,Horror,Animation/Live Action,80069458,78835866,158905324,October,Fall
37,"Jul 24, 2015",2015,Pixels,Adventure,Animation/Live Action,78765986,165275818,244041804,July,Summer
38,"Jan 16, 2015",2015,Paddington,Adventure,Animation/Live Action,76223578,181706765,257930343,January,Winter
39,"Sep 25, 2015",2015,The Intern,Comedy,Live Action,75764672,121351038,197115710,September,Summer
40,"Oct 16, 2015",2015,Bridge of Spies,Thriller/Suspense,Live Action,72313754,90184584,162498338,October,Fall
41,"Apr 17, 2015",2015,Paul Blart: Mall Cop 2,Adventure,Live Action,71091594,36559052,107650646,April,Spring
42,"Dec 11, 2015",2015,The Big Short,Drama,Live Action,70259870,62902882,133162752,December,Fall
43,"Aug 28, 2015",2015,War Room,Drama,Live Action,67790117,6196787,73986904,August,Summer
44,"Jul 1, 2015",2015,Magic Mike XXL,Comedy,Live Action,66013057,57647540,123660597,July,Summer
45,"Sep 11, 2015",2015,The Visit,Thriller/Suspense,Live Action,65206105,33471711,98677816,September,Summer
46,"Jan 16, 2015",2015,The Wedding Ringer,Comedy,Live Action,64460211,15711385,80171596,January,Winter
47,"Sep 18, 2015",2015,Black Mass,Drama,Live Action,62575678,36262194,98837872,September,Summer
48,"Jul 29, 2015",2015,Vacation,Comedy,Live Action,58884188,43422312,102306500,July,Summer
49,"Sep 11, 2015",2015,The Perfect Guy,Thriller/Suspense,Live Action,57027435,3250731,60278166,September,Summer
50,"Dec 25, 2015",2015,Joy,Drama,Live Action,56451232,44682827,101134059,December,Fall
51,"Aug 7, 2015",2015,Fantastic Four,Action,Live Action,56117548,111731639,167849187,August,Summer
52,"Dec 25, 2015",2015,The Hateful Eight,Western,Live Action,54117416,93985457,148102873,December,Fall
53,"Feb 27, 2015",2015,Focus,Romantic Comedy,Live Action,53862963,114202737,168065700,February,Winter
54,"Jul 24, 2015",2015,Southpaw,Drama,Live Action,52421953,41734503,94156456,July,Summer
55,"Jun 5, 2015",2015,Insidious Chapter 3,Horror,Live Action,52218558,68234597,120453155,June,Spring
56,"Feb 6, 2015",2015,Jupiter Ascending,Action,Live Action,47482519,134500000,181982519,February,Winter
57,"May 22, 2015",2015,Poltergeist,Horror,Live Action,47425125,48287944,95713069,May,Spring
58,"Sep 18, 2015",2015,Sicario,Thriller/Suspense,Live Action,46889293,37504456,84393749,September,Summer
59,"Aug 14, 2015",2015,The Man From U.N.C.L.E.,Action,Live Action,45445109,63072626,108517735,August,Summer
60,"Nov 6, 2015",2015,Spotlight,Drama,Live Action,45055776,46846662,91902438,November,Fall
61,"Feb 20, 2015",2015,"McFarland, USA",Drama,Live Action,44480275,1227649,45707924,February,Winter
62,"Aug 7, 2015",2015,The Gift,Thriller/Suspense,Live Action,43787265,15191212,58978477,August,Summer
63,"Sep 18, 2015",2015,Everest,Thriller/Suspense,Live Action,43482270,177814791,221297061,September,Summer
64,"Nov 20, 2015",2015,The Night Before,Comedy,Live Action,43035725,9532374,52568099,November,Fall
65,"Dec 4, 2015",2015,Krampus,Black Comedy,Live Action,42725475,19062918,61788393,December,Fall
66,"Jun 26, 2015",2015,Max,Adventure,Live Action,42656255,1001902,43658157,June,Spring
67,"Apr 24, 2015",2015,The Age of Adaline,Drama,Live Action,42629776,26354760,68984536,April,Spring
68,"Apr 10, 2015",2015,The Longest Ride,Drama,Live Action,37446117,26356811,63802928,April,Spring
69,"Jan 23, 2015",2015,The Boy Next Door,Thriller/Suspense,Live Action,36006065,17395873,53401938,January,Winter
70,"Oct 9, 2015",2015,Pan,Adventure,Live Action,35088320,116437653,151525973,October,Fall
71,"May 8, 2015",2015,Hot Pursuit,Comedy,Live Action,34580201,11091311,45671512,May,Spring
72,"Dec 25, 2015",2015,Concussion,Drama,Live Action,34531832,15831958,50363790,December,Fall
73,"Feb 20, 2015",2015,The DUFF,Comedy,Live Action,34030343,9498291,43528634,February,Winter
74,"Apr 1, 2015",2015,Woman in Gold,Drama,Live Action,33307793,25278614,58586407,April,Spring
75,"Mar 6, 2015",2015,The Second Best Exotic Marigold Hotel,Comedy,Live Action,33078266,57306040,90384306,March,Winter
76,"Apr 17, 2015",2015,Unfriended,Horror,Live Action,32789645,31574553,64364198,April,Spring
77,"Jun 3, 2015",2015,Entourage,Comedy,Live Action,32363404,14075134,46438538,June,Spring
78,"Jul 24, 2015",2015,Paper Towns,Drama,Live Action,32000304,53450180,85450484,July,Summer
79,"Mar 6, 2015",2015,Chappie,Action,Animation/Live Action,31569268,73432788,105002056,March,Winter
80,"Oct 16, 2015",2015,Crimson Peak,Horror,Live Action,31090320,43876534,74966854,October,Fall
81,"Sep 2, 2015",2015,A Walk in the Woods,Adventure,Live Action,29499394,7619964,37119358,September,Summer
82,"Dec 25, 2015",2015,Point Break,Action,Live Action,28782481,97922110,126704591,December,Fall
83,"Aug 21, 2015",2015,Sinister 2,Horror,Live Action,27740955,26363270,54104225,August,Summer
84,"Oct 23, 2015",2015,The Last Witch Hunter,Action,Live Action,27367660,103451252,130818912,October,Fall
85,"Aug 26, 2015",2015,No Escape,Thriller/Suspense,Live Action,27288872,15555644,42844516,August,Summer
86,"Aug 7, 2015",2015,Ricki and the Flash,Drama,Live Action,26839498,14326535,41166033,August,Summer
87,"Jan 2, 2015",2015,The Woman in Black 2: Angel of Death,Horror,Live Action,26501323,18505369,45006692,January,Winter
88,"Mar 13, 2015",2015,Run All Night,Action,Live Action,26461644,40500000,66961644,March,Winter
89,"Nov 13, 2015",2015,Love the Coopers,Comedy,Live Action,26302731,17960682,44263413,November,Fall
90,"Feb 27, 2015",2015,The Lazarus Effect,Horror,Live Action,25801570,12557740,38359310,February,Winter
91,"Apr 10, 2015",2015,Ex Machina,Thriller/Suspense,Live Action,25440971,12917421,38358392,April,Spring
92,"Dec 11, 2015",2015,In the Heart of the Sea,Adventure,Live Action,25020758,64672551,89693309,December,Fall
93,"Jul 10, 2015",2015,The Gallows,Horror,Live Action,22764410,18892064,41656474,July,Summer
94,"Aug 21, 2015",2015,Hitman: Agent 47,Action,Live Action,22467450,59715353,82182803,August,Summer
95,"Jan 30, 2015",2015,Project Almanac,Adventure,Live Action,22348241,10561196,32909437,January,Winter
96,"Jan 30, 2015",2015,Black or White,Drama,Live Action,21571189,399832,21971021,January,Winter
97,"May 29, 2015",2015,Aloha,Drama,Live Action,21052030,4335061,25387091,May,Spring
98,"Nov 20, 2015",2015,Secret in Their Eyes,Thriller/Suspense,Live Action,20180155,12427864,32608019,November,Fall
99,"Jan 16, 2015",2015,Still Alice,Drama,Live Action,18656400,23043212,41699612,January,Winter
100,"Dec 16, 2016",2016,Rogue One: A Star Wars Story,Adventure,Animation/Live Action,532177324,523879949,1056057273,December,Fall
101,"Jun 17, 2016",2016,Finding Dory,Adventure,Digital Animation,486295561,538710564,1025006125,June,Spring
102,"May 6, 2016",2016,Captain America: Civil War,Action,Live Action,408084349,743834172,1151918521,May,Spring
103,"Jul 8, 2016",2016,The Secret Life of Pets,Adventure,Digital Animation,368384330,518222082,886606412,July,Summer
104,"Apr 15, 2016",2016,The Jungle Book,Adventure,Animation/Live Action,364001123,596358986,960360109,April,Spring
105,"Feb 12, 2016",2016,Deadpool,Action,Animation/Live Action,363070709,421954884,785025593,February,Winter
106,"Mar 4, 2016",2016,Zootopia,Adventure,Digital Animation,341268248,666605947,1007874195,March,Winter
107,"Mar 25, 2016",2016,Batman v Superman: Dawn of Justice,Action,Live Action,330360194,542034897,872395091,March,Winter
108,"Aug 5, 2016",2016,Suicide Squad,Action,Animation/Live Action,325100054,421746840,746846894,August,Summer
109,"Dec 21, 2016",2016,Sing,Adventure,Digital Animation,270329045,362154566,632483611,December,Fall
110,"Nov 23, 2016",2016,Moana,Musical,Digital Animation,248757044,387663732,636420776,November,Fall
111,"Nov 18, 2016",2016,Fantastic Beasts and Where to Find Them,Adventure,Animation/Live Action,234037575,579436761,813474336,November,Fall
112,"Nov 4, 2016",2016,Doctor Strange,Action,Animation/Live Action,232641920,443712561,676354481,November,Fall
113,"Dec 25, 2016",2016,Hidden Figures,Drama,Live Action,169607287,62164429,231771716,December,Fall
114,"Jul 29, 2016",2016,Jason Bourne,Action,Live Action,162192920,253975396,416168316,July,Summer
115,"Jul 22, 2016",2016,Star Trek Beyond,Adventure,Live Action,158848340,176953893,335802233,July,Summer
116,"May 27, 2016",2016,X-Men: Apocalypse,Action,Live Action,155442489,387095057,542537546,May,Spring
117,"Nov 4, 2016",2016,Trolls,Adventure,Digital Animation,153707064,189535549,343242613,November,Fall
118,"Dec 9, 2016",2016,La La Land,Musical,Live Action,151101803,292904050,444005853,December,Fall
119,"Jan 29, 2016",2016,Kung Fu Panda 3,Adventure,Digital Animation,143528619,377642206,521170825,January,Winter
120,"Jul 15, 2016",2016,Ghostbusters,Comedy,Animation/Live Action,128350574,100658084,229008658,July,Summer
121,"Jun 17, 2016",2016,Central Intelligence,Comedy,Live Action,127440871,89753934,217194805,June,Spring
122,"Jul 1, 2016",2016,The Legend of Tarzan,Adventure,Live Action,126643061,222258964,348902025,July,Summer
123,"Sep 9, 2016",2016,Sully,Drama,Live Action,125070033,113454523,238524556,September,Summer
124,"Jul 29, 2016",2016,Bad Moms,Comedy,Live Action,113257297,67741419,180998716,July,Summer
125,"May 20, 2016",2016,The Angry Birds Movie,Adventure,Digital Animation,107509366,244818521,352327887,May,Spring
126,"Jun 24, 2016",2016,Independence Day: Resurgence,Action,Live Action,103144286,281025138,384169424,June,Spring
127,"Jun 10, 2016",2016,The Conjuring 2: The Enfield Poltergeist,Horror,Live Action,102470008,207993263,310463271,June,Spring
128,"Nov 11, 2016",2016,Arrival,Drama,Live Action,100546139,102581755,203127894,November,Fall
129,"Dec 21, 2016",2016,Passengers,Thriller/Suspense,Live Action,100014699,202224973,302239672,December,Fall
130,"Aug 12, 2016",2016,Sausage Party,Comedy,Digital Animation,97670358,43673897,141344255,August,Summer
131,"Sep 23, 2016",2016,The Magnificent Seven,Western,Live Action,93432655,69092501,162525156,September,Summer
132,"Jan 15, 2016",2016,Ride Along 2,Comedy,Live Action,90862685,33964631,124827316,January,Winter
133,"Aug 26, 2016",2016,Donât Breathe,Horror,Live Action,89217875,69755810,158973685,August,Summer
134,"Sep 30, 2016",2016,Miss Peregrineâs Home for Peculiar …,Adventure,Animation/Live Action,87242834,208744042,295986876,September,Summer
135,"Oct 14, 2016",2016,The Accountant,Thriller/Suspense,Live Action,86260045,66702038,152962083,October,Fall
136,"Jun 3, 2016",2016,Teenage Mutant Ninja Turtles: Out of …,Adventure,Animation/Live Action,82051601,163276773,245328374,June,Spring
137,"Jul 1, 2016",2016,The Purge: Election Year,Horror,Live Action,79042440,39472287,118514727,July,Summer
138,"May 27, 2016",2016,Alice Through the Looking Glass,Adventure,Animation/Live Action,77042381,199885731,276928112,May,Spring
139,"Aug 12, 2016",2016,Peteâs Dragon,Adventure,Animation/Live Action,76233151,61535824,137768975,August,Summer
140,"Oct 7, 2016",2016,The Girl on the Train,Thriller/Suspense,Live Action,75395035,98883179,174278214,October,Fall
141,"Oct 21, 2016",2016,Tyler Perryâs Boo! A Madea Halloween,Comedy,Live Action,73206343,0,73206343,October,Fall
142,"Sep 23, 2016",2016,Storks,Adventure,Digital Animation,72679278,110674153,183353431,September,Summer
143,"Mar 11, 2016",2016,10 Cloverfield Lane,Thriller/Suspense,Live Action,72082999,36203423,108286422,March,Winter
144,"Jul 22, 2016",2016,Lights Out,Horror,Live Action,67268835,81537675,148806510,July,Summer
145,"Nov 4, 2016",2016,Hacksaw Ridge,Drama,Live Action,67209615,101695067,168904682,November,Fall
146,"Mar 18, 2016",2016,The Divergent Series: Allegiant,Action,Live Action,66184051,105838466,172022517,March,Winter
147,"Jun 10, 2016",2016,Now You See Me 2,Thriller/Suspense,Live Action,65075540,263249467,328325007,June,Spring
148,"Jul 22, 2016",2016,Ice Age: Collision Course,Adventure,Digital Animation,64063008,338093674,402156682,July,Summer
149,"Apr 8, 2016",2016,The Boss,Comedy,Live Action,63077560,15574647,78652207,April,Spring
150,"Mar 4, 2016",2016,London Has Fallen,Thriller/Suspense,Live Action,62524260,132669825,195194085,March,Winter
151,"Mar 16, 2016",2016,Miracles from Heaven,Drama,Live Action,61705123,12093613,73798736,March,Winter
152,"Sep 30, 2016",2016,Deepwater Horizon,Drama,Live Action,61433527,61170297,122603824,September,Summer
153,"Dec 23, 2016",2016,Why Him?,Comedy,Live Action,60323786,57101370,117425156,December,Fall
154,"Mar 25, 2016",2016,My Big Fat Greek Wedding 2,Comedy,Live Action,59689605,32406953,92096558,March,Winter
155,"Oct 21, 2016",2016,Jack Reacher: Never Go Back,Action,Live Action,58697076,101249413,159946489,October,Fall
156,"Dec 16, 2016",2016,Fences,Drama,Live Action,57682904,6599977,64282881,December,Fall
157,"Jun 3, 2016",2016,Me Before You,Drama,Live Action,56245075,152020123,208265198,June,Spring
158,"Jul 1, 2016",2016,The BFG,Adventure,Animation/Live Action,55483770,144162910,199646680,July,Summer
159,"May 20, 2016",2016,Neighbors 2: Sorority Rising,Comedy,Live Action,55340730,53416891,108757621,May,Spring
160,"Jun 24, 2016",2016,The Shallows,Drama,Live Action,55121623,63641819,118763442,June,Spring
161,"Dec 9, 2016",2016,Office Christmas Party,Comedy,Live Action,54767494,60330380,115097874,December,Fall
162,"Dec 21, 2016",2016,Assassinâs Creed,Action,Live Action,54647948,186111734,240759682,December,Fall
163,"Apr 15, 2016",2016,Barbershop: The Next Cut,Comedy,Live Action,54030051,374151,54404202,April,Spring
164,"Jan 15, 2016",2016,13 Hours: The Secret Soldiers of Beng…,Drama,Live Action,52853219,16558151,69411370,January,Winter
165,"Aug 19, 2016",2016,Kubo and the Two Strings,Adventure,Stop-Motion Animation,48023088,29525034,77548122,August,Summer
166,"Apr 22, 2016",2016,The Huntsman: Winterâs War,Action,Live Action,48003015,117146287,165149302,April,Spring
167,"Nov 18, 2016",2016,Manchester by the Sea,Drama,Live Action,47695371,30038496,77733867,November,Fall
168,"Jun 10, 2016",2016,Warcraft,Action,Live Action,47365290,391534534,438899824,June,Spring
169,"Feb 12, 2016",2016,How to be Single,Romantic Comedy,Live Action,46843513,53160267,100003780,February,Winter
170,"Jul 8, 2016",2016,Mike and Dave Need Wedding Dates,Comedy,Live Action,46009673,29888427,75898100,July,Summer
171,"Aug 19, 2016",2016,War Dogs,Comedy,Live Action,43034523,43199980,86234503,August,Summer
172,"Nov 11, 2016",2016,Almost Christmas,Drama,Live Action,42065185,428321,42493506,November,Fall
173,"May 13, 2016",2016,Money Monster,Thriller/Suspense,Live Action,41012075,52454020,93466095,May,Spring
174,"Nov 23, 2016",2016,Allied,Drama,Live Action,40098064,79168597,119266661,November,Fall
175,"Jul 27, 2016",2016,Nerve,Thriller/Suspense,Live Action,38583626,47000319,85583945,July,Summer
176,"Feb 19, 2016",2016,Risen,Drama,Live Action,36880033,9375730,46255763,February,Winter
177,"May 20, 2016",2016,The Nice Guys,Black Comedy,Live Action,36261763,23334984,59596747,May,Spring
178,"Jan 22, 2016",2016,The Boy,Horror,Live Action,35819556,32401396,68220952,January,Winter
179,"Jan 22, 2016",2016,Dirty Grandpa,Comedy,Live Action,35593113,69485336,105078449,January,Winter
180,"Oct 21, 2016",2016,Ouija: Origin of Evil,Horror,Live Action,35144505,46687361,81831866,October,Fall
181,"Jan 22, 2016",2016,The 5th Wave,Action,Live Action,34912982,76423416,111336398,January,Winter
182,"Oct 28, 2016",2016,Inferno,Thriller/Suspense,Live Action,34343574,185175793,219519367,October,Fall
183,"Apr 29, 2016",2016,Motherâs Day,Romantic Comedy,Live Action,32492859,19874163,52367022,April,Spring
184,"Dec 21, 2016",2016,Patriots Day,Thriller/Suspense,Live Action,31886361,20951628,52837989,December,Fall
185,"Feb 26, 2016",2016,Gods of Egypt,Adventure,Live Action,31153464,107683292,138836756,February,Winter
186,"Dec 16, 2016",2016,Collateral Beauty,Drama,Live Action,31016021,54293072,85309093,December,Fall
187,"Feb 5, 2016",2016,"Hail, Caesar!",Comedy,Live Action,30080225,34139971,64220196,February,Winter
188,"Sep 9, 2016",2016,When the Bough Breaks,Thriller/Suspense,Live Action,29747603,1020846,30768449,September,Summer
189,"Feb 12, 2016",2016,Zoolander 2,Comedy,Live Action,28848693,26500000,55348693,February,Winter
190,"Oct 21, 2016",2016,Moonlight,Drama,Live Action,27854931,37390581,65245512,October,Fall
191,"Jan 29, 2016",2016,The Finest Hours,Thriller/Suspense,Live Action,27569558,21683203,49252761,January,Winter
192,"Aug 12, 2016",2016,Florence Foster Jenkins,Drama,Live Action,27383770,28616569,56000339,August,Summer
193,"Aug 12, 2016",2016,Hell or High Water,Western,Live Action,27007844,10576460,37584304,August,Summer
194,"Jan 8, 2016",2016,The Forest,Thriller/Suspense,Live Action,26594261,14154969,40749230,January,Winter
195,"Aug 19, 2016",2016,Ben-Hur,Drama,Live Action,26410477,65259171,91669648,August,Summer
196,"Feb 19, 2016",2016,The Witch,Horror,Live Action,25138705,15315815,40454520,February,Winter
197,"Sep 16, 2016",2016,Bridget Jonesâs Baby,Romantic Comedy,Live Action,24139805,181682883,205822688,September,Summer
198,"Oct 14, 2016",2016,Kevin Hart: What Now?,Concert/Performance,Live Action,23591043,0,23591043,October,Fall
199,"Mar 4, 2016",2016,Whiskey Tango Foxtrot,Comedy,Live Action,23083334,2267413,25350747,March,Winter
200,"Dec 15, 2017",2017,Star Wars Ep. VIII: The Last Jedi,Adventure,Animation/Live Action,620181382,712358507,1332539889,December,Fall
201,"Mar 17, 2017",2017,Beauty and the Beast,Musical,Animation/Live Action,504014165,752128924,1256143089,March,Winter
202,"Jun 2, 2017",2017,Wonder Woman,Action,Live Action,412563408,406229647,818793055,June,Spring
203,"Dec 20, 2017",2017,Jumanji: Welcome to the Jungle,Adventure,Live Action,404508916,556721277,961230193,December,Fall
204,"May 5, 2017",2017,Guardians of the Galaxy Vol 2,Action,Animation/Live Action,389813101,479300000,869113101,May,Spring
205,"Jul 7, 2017",2017,Spider-Man: Homecoming,Action,Live Action,334201140,545965210,880166350,July,Summer
206,"Sep 8, 2017",2017,It,Horror,Live Action,328828874,372891173,701720047,September,Summer
207,"Nov 3, 2017",2017,Thor: Ragnarok,Action,Live Action,315058289,536799748,851858037,November,Fall
208,"Jun 30, 2017",2017,Despicable Me 3,Adventure,Digital Animation,264624300,767972594,1032596894,June,Spring
209,"Nov 17, 2017",2017,Justice League,Action,Live Action,229024295,426920914,655945209,November,Fall
210,"Mar 3, 2017",2017,Logan,Action,Live Action,226277068,387925247,614202315,March,Winter
211,"Apr 14, 2017",2017,The Fate of the Furious,Action,Live Action,225764765,1010939031,1236703796,April,Spring
212,"Nov 22, 2017",2017,Coco,Musical,Digital Animation,209726015,587870055,797596070,November,Fall
213,"Jul 21, 2017",2017,Dunkirk,Action,Live Action,190068280,330087094,520155374,July,Summer
214,"Feb 24, 2017",2017,Get Out,Horror,Live Action,176040665,76737392,252778057,February,Winter
215,"Feb 10, 2017",2017,The Lego Batman Movie,Adventure,Digital Animation,175750384,134820176,310570560,February,Winter
216,"Mar 31, 2017",2017,The Boss Baby,Adventure,Digital Animation,175003033,352962903,527965936,March,Winter
217,"Dec 20, 2017",2017,The Greatest Showman,Musical,Live Action,174340174,264301056,438641230,December,Fall
218,"May 26, 2017",2017,Pirates of the Caribbean: Dead Men Te…,Adventure,Animation/Live Action,172558876,615682261,788241137,May,Spring
219,"Mar 10, 2017",2017,Kong: Skull Island,Adventure,Live Action,168052812,393019247,561072059,March,Winter
220,"Jun 16, 2017",2017,Cars 3,Adventure,Digital Animation,152901115,230640254,383541369,June,Spring
221,"Jul 14, 2017",2017,War for the Planet of the Apes,Action,Animation/Live Action,146880162,342712105,489592267,July,Summer
222,"Jan 20, 2017",2017,Split,Horror,Live Action,138141585,140823221,278964806,January,Winter
223,"Nov 17, 2017",2017,Wonder,Drama,Live Action,132422809,180332406,312755215,November,Fall
224,"Jun 21, 2017",2017,Transformers: The Last Knight,Action,Animation/Live Action,130168683,472724657,602893340,June,Spring
225,"Jul 21, 2017",2017,Girls Trip,Comedy,Live Action,115108515,25777838,140886353,July,Summer
226,"Feb 10, 2017",2017,Fifty Shades Darker,Drama,Live Action,114434010,266933036,381367046,February,Winter
227,"Jun 28, 2017",2017,Baby Driver,Thriller/Suspense,Live Action,107825862,120278323,228104185,June,Spring
228,"Dec 22, 2017",2017,Pitch Perfect 3,Comedy,Live Action,104897530,80838882,185736412,December,Fall
229,"Nov 10, 2017",2017,Daddyâs Home 2,Comedy,Live Action,104029443,71777740,175807183,November,Fall
230,"Nov 10, 2017",2017,Murder on the Orient Express,Drama,Live Action,102826543,248940604,351767147,November,Fall
231,"Aug 11, 2017",2017,Annabelle: Creation,Horror,Live Action,102092201,203292664,305384865,August,Summer
232,"Sep 22, 2017",2017,Kingsman: The Golden Circle,Action,Live Action,100234838,308568858,408803696,September,Summer
233,"Oct 6, 2017",2017,Blade Runner 2049,Thriller/Suspense,Live Action,92054159,167295760,259349919,October,Fall
234,"Feb 10, 2017",2017,John Wick: Chapter Two,Action,Live Action,92029184,79288087,171317271,February,Winter
235,"Jul 28, 2017",2017,The Emoji Movie,Adventure,Digital Animation,86089513,130475327,216564840,July,Summer
236,"Mar 24, 2017",2017,Power Rangers,Action,Animation/Live Action,85364450,57167102,142531552,March,Winter
237,"Dec 15, 2017",2017,Ferdinand,Adventure,Digital Animation,84410380,205428533,289838913,December,Fall
238,"Dec 22, 2017",2017,The Post,Drama,Live Action,81903458,97865999,179769457,December,Fall
239,"Jun 9, 2017",2017,The Mummy,Adventure,Live Action,80101125,329852780,409953905,June,Spring
240,"Aug 18, 2017",2017,The Hitmanâs Bodyguard,Action,Live Action,75468583,97310084,172778667,August,Summer
241,"May 19, 2017",2017,Alien: Covenant,Horror,Live Action,74262031,164259216,238521247,May,Spring
242,"Jun 2, 2017",2017,Captain Underpants: The First Epic Movie,Adventure,Digital Animation,73921000,52656874,126577874,June,Spring
243,"Nov 1, 2017",2017,A Bad Moms Christmas,Comedy,Live Action,72110659,55599891,127710550,November,Fall
244,"Jan 27, 2017",2017,A Dogâs Purpose,Drama,Live Action,64321890,138733537,203055427,January,Winter
245,"Dec 1, 2017",2017,The Shape of Water,Drama,Live Action,63859435,131931359,195790794,December,Fall
246,"Sep 22, 2017",2017,The Lego Ninjago Movie,Adventure,Digital Animation,59281555,63455646,122737201,September,Summer
247,"May 25, 2017",2017,Baywatch,Comedy,Live Action,58060186,117803597,175863783,May,Spring
248,"Mar 3, 2017",2017,The Shack,Drama,Live Action,57386418,39522040,96908458,March,Winter
249,"Oct 13, 2017",2017,Happy Death Day,Horror,Live Action,55683845,69326415,125010260,October,Fall
250,"Nov 10, 2017",2017,"Three Billboards Outside Ebbing, Miss…",Black Comedy,Live Action,54513740,106966302,161480042,November,Fall
251,"Jul 28, 2017",2017,Atomic Blonde,Thriller/Suspense,Live Action,51573925,46771498,98345423,July,Summer
252,"Sep 29, 2017",2017,American Made,Thriller/Suspense,Live Action,51342000,84227212,135569212,September,Summer
253,"Aug 4, 2017",2017,The Dark Tower,Western,Live Action,50701325,62760202,113461527,August,Summer
254,"Nov 3, 2017",2017,Lady Bird,Drama,Live Action,48958273,29986725,78944998,November,Fall
255,"Oct 20, 2017",2017,Tyler Perryâs Boo 2! A Madea Halloween,Comedy,Live Action,47319572,560000,47879572,October,Fall
256,"May 12, 2017",2017,Snatched,Comedy,Live Action,45852178,11999999,57852177,May,Spring
257,"Feb 17, 2017",2017,The Great Wall,Action,Live Action,45157105,289329747,334486852,February,Winter
258,"Apr 7, 2017",2017,Smurfs: The Lost Village,Adventure,Digital Animation,45020282,152558304,197578586,April,Spring
259,"Apr 7, 2017",2017,Going in Style,Comedy,Live Action,45018541,35793883,80812424,April,Spring
260,"Jun 16, 2017",2017,All Eyez on Me,Drama,Live Action,44922302,12775124,57697426,June,Spring
261,"Jan 20, 2017",2017,xXx: Return of Xander Cage,Action,Live Action,44898413,300134946,345033359,January,Winter
262,"Jun 16, 2017",2017,47 Meters Down,Horror,Live Action,44307193,18326512,62633705,June,Spring
263,"Jun 23, 2017",2017,The Big Sick,Romantic Comedy,Live Action,42872467,13996210,56868677,June,Spring
264,"Nov 17, 2017",2017,The Star,Adventure,Digital Animation,40847995,21910015,62758010,November,Fall
265,"Mar 31, 2017",2017,Ghost in the Shell,Action,Live Action,40563557,127347133,167910690,March,Winter
266,"May 12, 2017",2017,King Arthur: Legend of the Sword,Adventure,Live Action,39175066,100455270,139630336,May,Spring
267,"Oct 27, 2017",2017,Jigsaw,Horror,Live Action,38052832,66170483,104223315,October,Fall
268,"Sep 15, 2017",2017,American Assassin,Thriller/Suspense,Live Action,36249674,32060466,68310140,September,Summer
269,"May 19, 2017",2017,"Everything, Everything",Drama,Live Action,34121140,27481996,61603136,May,Spring
270,"Aug 4, 2017",2017,Wind River,Thriller/Suspense,Live Action,33800859,11197393,44998252,August,Summer
271,"Oct 20, 2017",2017,Geostorm,Action,Live Action,33700160,187095849,220796009,October,Fall
272,"Jan 13, 2017",2017,Monster Trucks,Adventure,Animation/Live Action,33370166,28272632,61642798,January,Winter
273,"Feb 17, 2017",2017,Fist Fight,Comedy,Live Action,32187017,8099399,40286416,February,Winter
274,"Apr 28, 2017",2017,How to Be a Latin Lover,Comedy,Live Action,32149404,30406824,62556228,April,Spring
275,"Aug 4, 2017",2017,Kidnap,Thriller/Suspense,Live Action,30718107,4117973,34836080,August,Summer
276,"Jan 6, 2017",2017,Underworld: Blood Wars,Action,Live Action,30353973,50855249,81209222,January,Winter
277,"Oct 6, 2017",2017,The Mountain Between Us,Thriller/Suspense,Live Action,30348555,32268992,62617547,October,Fall
278,"Mar 24, 2017",2017,Life,Thriller/Suspense,Live Action,30234022,70695644,100929666,March,Winter
279,"Dec 8, 2017",2017,"I, Tonya",Black Comedy,Live Action,30014534,23782875,53797409,December,Fall
280,"Dec 22, 2017",2017,Hostiles,Western,Live Action,29819114,5662827,35481941,December,Fall
281,"Dec 25, 2017",2017,Mollyâs Game,Drama,Live Action,28780744,24515680,53296424,December,Fall
282,"Aug 11, 2017",2017,The Nut Job 2: Nutty by Nature,Adventure,Digital Animation,28370522,29067867,57438389,August,Summer
283,"Feb 3, 2017",2017,Rings,Horror,Live Action,27793018,55124265,82917283,February,Winter
284,"Aug 18, 2017",2017,Logan Lucky,Comedy,Live Action,27778642,16485629,44264271,August,Summer
285,"Sep 8, 2017",2017,Home Again,Romantic Comedy,Live Action,27020284,10316590,37336874,September,Summer
286,"Jan 27, 2017",2017,Resident Evil: The Final Chapter,Action,Live Action,26844692,287256498,314101190,January,Winter
287,"Jun 30, 2017",2017,The House,Comedy,Live Action,25584504,5607921,31192425,June,Spring
288,"Dec 25, 2017",2017,All the Money in the World,Thriller/Suspense,Live Action,25106325,31784324,56890649,December,Fall
289,"Apr 7, 2017",2017,Gifted,Drama,Live Action,24801212,12163444,36964656,April,Spring
290,"Dec 22, 2017",2017,Downsizing,Comedy,Live Action,24449754,30013217,54462971,December,Fall
291,"Jan 13, 2017",2017,The Bye Bye Man,Thriller/Suspense,Live Action,22395806,8791921,31187727,January,Winter
292,"Sep 22, 2017",2017,Victoria and Abdul,Drama,Live Action,22245070,46026076,68271146,September,Summer
293,"Jun 16, 2017",2017,Rough Night,Black Comedy,Live Action,22105643,24738714,46844357,June,Spring
294,"Oct 6, 2017",2017,My Little Pony: The Movie,Adventure,Digital Animation,21885107,39409537,61294644,October,Fall
295,"Dec 25, 2017",2017,Phantom Thread,Drama,Live Action,21198205,26698516,47896721,December,Fall
296,"Dec 1, 2017",2017,The Disaster Artist,Comedy,Live Action,21120616,7597051,28717667,December,Fall
297,"Jan 13, 2017",2017,Sleepless,Thriller/Suspense,Live Action,20783704,12512955,33296659,January,Winter
298,"May 19, 2017",2017,Diary of a Wimpy Kid: The Long Haul,Adventure,Live Action,20738724,14870853,35609577,May,Spring
299,"Apr 28, 2017",2017,The Circle,Thriller/Suspense,Live Action,20497844,20154020,40651864,April,Spring
300,"Feb 16, 2018",2018,Black Panther,Action,Live Action,700059566,639674336,1339733902,February,Winter
301,"Apr 27, 2018",2018,Avengers: Infinity War,Action,Animation/Live Action,678815482,1365725041,2044540523,April,Spring
302,"Jun 15, 2018",2018,Incredibles 2,Adventure,Digital Animation,608581744,634223615,1242805359,June,Spring
303,"Jun 22, 2018",2018,Jurassic World: Fallen Kingdom,Action,Live Action,417719760,890614245,1308334005,June,Spring
304,"Dec 21, 2018",2018,Aquaman,Action,Animation/Live Action,335061807,808904713,1143966520,December,Fall
305,"May 18, 2018",2018,Deadpool 2,Action,Animation/Live Action,324591735,462088822,786680557,May,Spring
306,"Nov 9, 2018",2018,Dr. Seussâ The Grinch,Adventure,Digital Animation,270620950,241048559,511669509,November,Fall
307,"Jul 27, 2018",2018,Mission: ImpossibleâFallout,Action,Live Action,220159104,567017625,787176729,July,Summer
308,"Jul 6, 2018",2018,Ant-Man and the Wasp,Action,Animation/Live Action,216648740,406495920,623144660,July,Summer
309,"Nov 2, 2018",2018,Bohemian Rhapsody,Drama,Live Action,216303339,682905510,899208849,November,Fall
310,"Oct 5, 2018",2018,A Star is Born,Drama,Live Action,215288866,217126144,432415010,October,Fall
311,"May 25, 2018",2018,Solo: A Star Wars Story,Adventure,Animation/Live Action,213767512,179383835,393151347,May,Spring
312,"Oct 5, 2018",2018,Venom,Action,Animation/Live Action,213511408,640117197,853628605,October,Fall
313,"Nov 21, 2018",2018,Ralph Breaks The Internet,Adventure,Digital Animation,201091711,328199119,529290830,November,Fall
314,"Dec 14, 2018",2018,Spider-Man: Into The Spider-Verse 3D,Adventure,Digital Animation,190173195,184335749,374508944,December,Fall
315,"Apr 6, 2018",2018,A Quiet Place,Horror,Live Action,188024361,147180870,335205231,April,Spring
316,"Aug 15, 2018",2018,Crazy Rich Asians,Romantic Comedy,Live Action,174532921,63566790,238099711,August,Summer
317,"Dec 19, 2018",2018,Mary Poppins Returns,Musical,Animation/Live Action,171958438,177146481,349104919,December,Fall
318,"Jul 13, 2018",2018,Hotel Transylvania 3: Summer Vacation,Adventure,Digital Animation,167500092,359603103,527103195,July,Summer
319,"Nov 16, 2018",2018,Fantastic Beasts: The Crimes of Grind…,Adventure,Animation/Live Action,159555901,491724574,651280475,November,Fall
320,"Oct 19, 2018",2018,Halloween,Horror,Live Action,159347015,96143163,255490178,October,Fall
321,"Aug 10, 2018",2018,The Meg,Action,Live Action,145443742,381926973,527370715,August,Summer
322,"Jun 8, 2018",2018,Oceanâs 8,Action,Live Action,140218711,157500000,297718711,June,Spring
323,"Mar 29, 2018",2018,Ready Player One,Adventure,Animation/Live Action,137690172,441365481,579055653,March,Winter
324,"Dec 21, 2018",2018,Bumblebee,Adventure,Animation/Live Action,127195589,338000000,465195589,December,Fall
325,"Jul 20, 2018",2018,Mamma Mia: Here We Go Again!,Musical,Live Action,120634935,272556800,393191735,July,Summer
326,"Sep 7, 2018",2018,The Nun,Horror,Live Action,117450119,245941528,363391647,September,Summer
327,"Nov 21, 2018",2018,Creed II,Drama,Live Action,115715889,97875633,213591522,November,Fall
328,"Feb 9, 2018",2018,Peter Rabbit,Adventure,Animation/Live Action,115234093,229921347,345155440,February,Winter
329,"Dec 14, 2018",2018,The Mule,Drama,Live Action,103804407,69867011,173671418,December,Fall
330,"Jul 20, 2018",2018,The Equalizer 2,Action,Live Action,102084362,88291819,190376181,July,Summer
331,"Apr 13, 2018",2018,Rampage,Action,Live Action,101028233,326918984,427947217,April,Spring
332,"Mar 9, 2018",2018,A Wrinkle in Time,Adventure,Live Action,100478608,32923274,133401882,March,Winter
333,"Feb 9, 2018",2018,Fifty Shades Freed,Drama,Live Action,100407760,271577258,371985018,February,Winter
334,"Aug 3, 2018",2018,Christopher Robin,Adventure,Animation/Live Action,99215042,98289716,197504758,August,Summer
335,"Nov 16, 2018",2018,Green Book,Comedy,Live Action,85080171,234949217,320029388,November,Fall
336,"Mar 16, 2018",2018,I Can Only Imagine,Drama,Live Action,83482352,2301215,85783567,March,Winter
337,"Sep 28, 2018",2018,Smallfoot,Adventure,Digital Animation,83240103,130441970,213682073,September,Summer
338,"Sep 28, 2018",2018,Night School,Comedy,Live Action,77339130,25774316,103113446,September,Summer
339,"Jul 4, 2018",2018,The First Purge,Horror,Live Action,69488745,67565852,137054597,July,Summer
340,"Feb 23, 2018",2018,Game Night,Comedy,Live Action,69179066,48199018,117378084,February,Winter
341,"May 18, 2018",2018,Book Club,Comedy,Live Action,68566296,22762167,91328463,May,Spring
342,"Sep 21, 2018",2018,The House with a Clock in its Walls,Comedy,Live Action,68549695,62907452,131457147,September,Summer
343,"Jul 13, 2018",2018,Skyscraper,Action,Live Action,68420120,236448841,304868961,July,Summer
344,"Jan 5, 2018",2018,Insidious: The Last Key,Horror,Live Action,67745330,105066641,172811971,January,Winter
345,"Nov 16, 2018",2018,Instant Family,Comedy,Live Action,67363237,52372951,119736188,November,Fall
346,"Apr 6, 2018",2018,Blockers,Comedy,Live Action,60311495,34212286,94523781,April,Spring
347,"Mar 23, 2018",2018,Pacific Rim: Uprising,Action,Live Action,59874525,231055623,290930148,March,Winter
348,"Mar 16, 2018",2018,Tomb Raider,Action,Live Action,58250803,215226698,273477501,March,Winter
349,"Jan 26, 2018",2018,Maze Runner: The Death Cure,Thriller/Suspense,Live Action,58032443,207846093,265878536,January,Winter
350,"Nov 2, 2018",2018,The Nutcracker and the Four Realms,Adventure,Live Action,54858851,115165449,170024300,November,Fall
351,"Jun 15, 2018",2018,Tag,Comedy,Live Action,54730625,22294319,77024944,June,Spring
352,"Sep 14, 2018",2018,A Simple Favor,Thriller/Suspense,Live Action,53548586,44080131,97628717,September,Summer
353,"May 11, 2018",2018,Life of the Party,Comedy,Live Action,53059911,12800000,65859911,May,Spring
354,"Sep 14, 2018",2018,The Predator,Action,Live Action,51024708,108462855,159487563,September,Summer
355,"May 4, 2018",2018,Overboard,Romantic Comedy,Live Action,50316123,40928790,91244913,May,Spring
356,"Jun 29, 2018",2018,Sicario: Day of the Soldado,Action,Live Action,50065850,25819346,75885196,June,Spring
357,"Aug 10, 2018",2018,BlacKkKlansman,Thriller/Suspense,Live Action,49275340,44136086,93411426,August,Summer
358,"Apr 20, 2018",2018,I Feel Pretty,Comedy,Live Action,48795601,42648494,91444095,April,Spring
359,"Dec 25, 2018",2018,Vice,Black Comedy,Live Action,47836282,23057500,70893782,December,Fall
360,"Mar 2, 2018",2018,Red Sparrow,Thriller/Suspense,Live Action,46874505,99077356,145951861,March,Winter
361,"May 11, 2018",2018,Breaking In,Thriller/Suspense,Live Action,46840590,4644792,51485382,May,Spring
362,"Oct 12, 2018",2018,Goosebumps 2: Haunted Halloween,Horror,Animation/Live Action,46697321,46594157,93291478,October,Fall
363,"Jan 19, 2018",2018,12 Strong,Drama,Live Action,45819713,25298665,71118378,January,Winter
364,"Jan 19, 2018",2018,Den of Thieves,Action,Live Action,44947622,35199544,80147166,January,Winter
365,"Oct 12, 2018",2018,First Man,Drama,Live Action,44936545,60766780,105703325,October,Fall
366,"Jun 8, 2018",2018,Hereditary,Horror,Live Action,44069456,37194033,81263489,June,Spring
367,"Mar 30, 2018",2018,Acrimony,Thriller/Suspense,Live Action,43549096,3078740,46627836,March,Winter
368,"Mar 23, 2018",2018,Sherlock Gnomes,Adventure,Digital Animation,43242871,44284780,87527651,March,Winter
369,"Jun 29, 2018",2018,Uncle Drew,Comedy,Live Action,42469946,4124315,46594261,June,Spring
370,"Nov 16, 2018",2018,Widows,Thriller/Suspense,Live Action,42402632,31463456,73866088,November,Fall
371,"Apr 13, 2018",2018,Truth or Dare,Thriller/Suspense,Live Action,41411015,53881729,95292744,April,Spring
372,"Mar 16, 2018",2018,"Love, Simon",Drama,Live Action,40826341,24694292,65520633,March,Winter
373,"Dec 21, 2018",2018,Second Act,Comedy,Live Action,39282227,24006627,63288854,December,Fall
374,"Jan 12, 2018",2018,The Commuter,Action,Live Action,36343858,82165978,118509836,January,Winter
375,"Feb 9, 2018",2018,The 15:17 to Paris,Drama,Live Action,36276286,19819914,56096200,February,Winter
376,"Aug 17, 2018",2018,Mile 22,Action,Live Action,36108758,30186363,66295121,August,Summer
377,"Aug 17, 2018",2018,Alpha,Adventure,Live Action,35851379,63773494,99624873,August,Summer
378,"Sep 7, 2018",2018,Peppermint,Action,Live Action,35418723,16382035,51800758,September,Summer
379,"Nov 23, 2018",2018,The Favourite,Black Comedy,Live Action,34366783,61505365,95872148,November,Fall
380,"Mar 2, 2018",2018,Death Wish,Action,Live Action,34017028,14558937,48575965,March,Winter
381,"Aug 3, 2018",2018,The Spy Who Dumped Me,Comedy,Live Action,33562069,43547888,77109957,August,Summer
382,"Feb 23, 2018",2018,Annihilation,Thriller/Suspense,Live Action,32732301,10338614,43070915,February,Winter
383,"Mar 23, 2018",2018,Isle of Dogs,Comedy,Stop-Motion Animation,32015231,26646413,58661644,March,Winter
384,"Nov 2, 2018",2018,Nobodyâs Fool,Drama,Live Action,31713110,876383,32589493,November,Fall
385,"Jun 1, 2018",2018,Adrift,Drama,Live Action,31445011,26452180,57897191,June,Spring
386,"Nov 21, 2018",2018,Robin Hood,Action,Live Action,30824628,54385384,85210012,November,Fall
387,"Apr 20, 2018",2018,Super Troopers 2,Comedy,Live Action,30617396,958239,31575635,April,Spring
388,"Dec 25, 2018",2018,Holmes & Watson,Comedy,Live Action,30568743,11357862,41926605,December,Fall
389,"Aug 10, 2018",2018,Slender Man,Horror,Live Action,30564825,21381124,51945949,August,Summer
390,"Jul 27, 2018",2018,Teen Titans Go! To The Movies,Adventure,Digital Animation,29790236,21830357,51620593,July,Summer
391,"Oct 5, 2018",2018,The Hate U Give,Drama,Live Action,29719483,5348182,35067665,October,Fall
392,"Aug 24, 2018",2018,Searching,Thriller/Suspense,Live Action,26015149,50075464,76090613,August,Summer
393,"Feb 2, 2018",2018,Winchester,Horror,Live Action,25091816,20868439,45960255,February,Winter
394,"Dec 25, 2018",2018,On the Basis of Sex,Drama,Live Action,24678897,14178607,38857504,December,Fall
395,"Mar 9, 2018",2018,The Strangers: Prey at Night,Horror,Live Action,24431472,7712790,32144262,March,Winter
396,"Sep 14, 2018",2018,White Boy Rick,Drama,Live Action,24004833,1943150,25947983,September,Summer
397,"Jun 8, 2018",2018,Wonât You Be My Neighbor?,Documentary,Live Action,22835787,11851,22847638,June,Spring
398,"Nov 9, 2018",2018,Overlord,Action,Live Action,21704844,17473345,39178189,November,Fall
399,"Jan 12, 2018",2018,Proud Mary,Action,Live Action,20868638,840901,21709539,January,Winter
400,"Apr 26, 2019",2019,Avengers: Endgame,Action,Animation/Live Action,858373000,1939427564,2797800564,April,Spring
401,"Jul 19, 2019",2019,The Lion King,Adventure,Animation/Live Action,543638043,1112503536,1656141579,July,Summer
402,"Dec 20, 2019",2019,Star Wars: The Rise of Skywalker,Adventure,Animation/Live Action,515202542,557741680,1072944222,December,Fall
403,"Nov 22, 2019",2019,Frozen II,Adventure,Digital Animation,477373578,970176133,1447549711,November,Fall
404,"Jun 21, 2019",2019,Toy Story 4,Adventure,Digital Animation,434038008,639356805,1073394813,June,Spring
405,"Mar 8, 2019",2019,Captain Marvel,Action,Animation/Live Action,426829839,702900000,1129729839,March,Winter
406,"Jul 2, 2019",2019,Spider-Man: Far From Home,Action,Live Action,390532085,739418016,1129950101,July,Summer
407,"May 24, 2019",2019,Aladdin,Adventure,Animation/Live Action,355559216,692900921,1048460137,May,Spring
408,"Oct 4, 2019",2019,Joker,Thriller/Suspense,Live Action,335451311,737105360,1072556671,October,Fall
409,"Dec 13, 2019",2019,Jumanji: The Next Level,Adventure,Live Action,316831246,481166203,797997449,December,Fall
410,"Sep 6, 2019",2019,It: Chapter Two,Horror,Live Action,211593228,257973578,469566806,September,Summer
411,"Mar 22, 2019",2019,Us,Thriller/Suspense,Live Action,175084580,81084499,256169079,March,Winter
412,"Aug 2, 2019",2019,Fast & Furious Presents: Hobbs & Shaw,Action,Live Action,173956935,585910708,759867643,August,Summer
413,"May 17, 2019",2019,John Wick: Chapter 3 â Parabellum,Action,Live Action,171016727,154770095,325786822,May,Spring
414,"Nov 27, 2019",2019,Knives Out,Drama,Live Action,165364060,144635521,309999581,November,Fall
415,"Feb 22, 2019",2019,How to Train Your Dragon: The Hidden …,Adventure,Digital Animation,160799505,361340331,522139836,February,Winter
416,"Dec 25, 2019",2019,1917,Thriller/Suspense,Live Action,159227644,207043716,366271360,December,Fall
417,"Jun 7, 2019",2019,The Secret Life of Pets 2,Adventure,Digital Animation,158874395,275561815,434436210,June,Spring
418,"May 10, 2019",2019,PokÃ©mon: Detective Pikachu,Adventure,Animation/Live Action,144105346,288497009,432602355,May,Spring
419,"Jul 26, 2019",2019,Once Upon a Timeâ¦in Hollywood,Thriller/Suspense,Live Action,142502728,233655668,376158396,July,Summer
420,"Apr 5, 2019",2019,Shazam!,Action,Live Action,140371656,223292877,363664533,April,Spring
421,"Nov 15, 2019",2019,Ford v. Ferrari,Drama,Live Action,117624357,106827345,224451702,November,Fall
422,"Mar 29, 2019",2019,Dumbo,Adventure,Animation/Live Action,114766307,238400000,353166307,March,Winter
423,"Oct 18, 2019",2019,Maleficent: Mistress of Evil,Adventure,Live Action,113929605,375416890,489346495,October,Fall
424,"Jan 18, 2019",2019,Glass,Thriller/Suspense,Live Action,111048468,135950571,246999039,January,Winter
425,"May 31, 2019",2019,Godzilla: King of the Monsters,Action,Live Action,110500138,272799777,383299915,May,Spring
426,"Jan 11, 2019",2019,The Upside,Comedy,Live Action,108235497,17582943,125818440,January,Winter
427,"Dec 25, 2019",2019,Little Women,Drama,Live Action,108095955,108743802,216839757,December,Fall
428,"Feb 8, 2019",2019,The LEGO Movie 2: The Second Part,Adventure,Digital Animation,105806508,84324528,190131036,February,Winter
429,"Sep 13, 2019",2019,Hustlers,Drama,Live Action,104963598,45509115,150472713,September,Summer
430,"Oct 11, 2019",2019,The Addams Family,Adventure,Digital Animation,97185807,102747294,199933101,October,Fall
431,"May 31, 2019",2019,Rocketman,Drama,Live Action,96368160,95768860,192137020,May,Spring
432,"Feb 14, 2019",2019,Alita: Battle Angel,Action,Animation/Live Action,85710210,316069529,401779739,February,Winter
433,"Aug 16, 2019",2019,Good Boys,Comedy,Live Action,83140306,28033047,111173353,August,Summer
434,"Jun 14, 2019",2019,Men in Black: International,Adventure,Animation/Live Action,80001807,173018657,253020464,June,Spring
435,"Jun 26, 2019",2019,Annabelle Comes Home,Horror,Live Action,74152591,154364522,228517113,June,Spring
436,"Mar 1, 2019",2019,Tyler Perryâs A Madea Family Funeral,Comedy,Live Action,73257045,1524954,74781999,March,Winter
437,"Oct 18, 2019",2019,Zombieland: Double Tap,Comedy,Live Action,73118130,49147888,122266018,October,Fall
438,"Aug 23, 2019",2019,Angel Has Fallen,Thriller/Suspense,Live Action,69030436,64335016,133365452,August,Summer
439,"Aug 9, 2019",2019,Scary Stories to Tell in the Dark,Horror,Live Action,68947075,26660285,95607360,August,Summer
440,"Dec 25, 2019",2019,Spies in Disguise,Adventure,Digital Animation,66757013,98492808,165249821,December,Fall
441,"Jun 7, 2019",2019,Dark Phoenix,Action,Live Action,65845974,180510921,246356895,June,Spring
442,"Nov 1, 2019",2019,Terminator: Dark Fate,Action,Animation/Live Action,62253077,188119290,250372367,November,Fall
443,"Nov 22, 2019",2019,A Beautiful Day in the Neighborhood,Drama,Live Action,61696436,6709902,68406338,November,Fall
444,"Sep 27, 2019",2019,Abominable,Adventure,Digital Animation,60716390,127170053,187886443,September,Summer
445,"Aug 9, 2019",2019,Dora and the Lost City of Gold,Adventure,Live Action,60477943,56941174,117419117,August,Summer
446,"Jan 4, 2019",2019,Escape Room,Thriller/Suspense,Live Action,57000756,98312322,155313078,January,Winter
447,"Nov 8, 2019",2019,Midway,Action,Live Action,56846802,69201195,126047997,November,Fall
448,"Apr 19, 2019",2019,The Curse of La Llorona,Horror,Live Action,54733739,66927656,121661395,April,Spring
449,"Apr 5, 2019",2019,Pet Sematary,Horror,Live Action,54724696,54776450,109501146,April,Spring
450,"Feb 8, 2019",2019,What Men Want,Comedy,Live Action,54611903,15300000,69911903,February,Winter
451,"Sep 20, 2019",2019,Ad Astra,Thriller/Suspense,Live Action,50188370,85243649,135432019,September,Summer
452,"Dec 13, 2019",2019,Uncut Gems,Thriller/Suspense,Live Action,50023780,0,50023780,December,Fall
453,"Feb 13, 2019",2019,Isnât it Romantic,Romantic Comedy,Live Action,48791187,0,48791187,February,Winter
454,"Oct 11, 2019",2019,Gemini Man,Action,Animation/Live Action,48546770,118076935,166623705,October,Fall
455,"May 31, 2019",2019,MA,Horror,Live Action,45896028,15253725,61149753,May,Spring
456,"Mar 15, 2019",2019,Five Feet Apart,Drama,Live Action,45729221,45783890,91513111,March,Winter
457,"Mar 15, 2019",2019,Wonder Park,Adventure,Digital Animation,45216793,69899191,115115984,March,Winter
458,"Sep 20, 2019",2019,Rambo: Last Blood,Action,Live Action,44819352,46600000,91419352,September,Summer
459,"Nov 8, 2019",2019,Playing with Fire,Comedy,Live Action,44451847,16010891,60462738,November,Fall
460,"Nov 27, 2019",2019,Queen & Slim,Drama,Live Action,43808310,4095667,47903977,November,Fall
461,"Nov 1, 2019",2019,Harriet,Drama,Live Action,43082155,166219,43248374,November,Fall
462,"Jan 11, 2019",2019,A Dogâs Way Home,Drama,Live Action,41952715,39199790,81152505,January,Winter
463,"Aug 13, 2019",2019,The Angry Birds Movie 2,Adventure,Digital Animation,41657076,110355696,152012772,August,Summer
464,"Apr 12, 2019",2019,Little,Comedy,Live Action,40860481,8347436,49207917,April,Spring
465,"Apr 17, 2019",2019,Breakthrough,Drama,Live Action,40713082,8518592,49231674,April,Spring
466,"Jul 12, 2019",2019,Crawl,Horror,Live Action,39014193,50994163,90008356,July,Summer
467,"Dec 25, 2019",2019,Just Mercy,Drama,Live Action,36001502,14400000,50401502,December,Fall
468,"May 10, 2019",2019,The Hustle,Comedy,Live Action,35417038,61992741,97409779,May,Spring
469,"May 3, 2019",2019,The Intruder,Thriller/Suspense,Live Action,35388976,5208205,40597181,May,Spring
470,"Nov 8, 2019",2019,Last Christmas,Romantic Comedy,Live Action,35150750,86262879,121413629,November,Fall
471,"Aug 23, 2019",2019,Overcomer,Drama,Live Action,34700142,3402846,38102988,August,Summer
472,"Oct 18, 2019",2019,Jojo Rabbit,Black Comedy,Live Action,33370906,53697566,87068472,October,Fall
473,"Feb 8, 2019",2019,Cold Pursuit,Thriller/Suspense,Live Action,32138862,30460297,62599159,February,Winter
474,"Dec 13, 2019",2019,Bombshell,Drama,Live Action,31762808,27726876,59489684,December,Fall
475,"Nov 8, 2019",2019,Doctor Sleep,Horror,Live Action,31581712,40274527,71856239,November,Fall
476,"May 3, 2019",2019,Long Shot,Romantic Comedy,Live Action,30316271,23308153,53624424,May,Spring
477,"Jun 21, 2019",2019,Childâs Play,Horror,Live Action,29208403,14295990,43504393,June,Spring
478,"Aug 21, 2019",2019,Ready or Not,Black Comedy,Live Action,28714231,28083161,56797392,August,Summer
479,"Nov 22, 2019",2019,21 Bridges,Thriller/Suspense,Live Action,28539757,11473888,40013645,November,Fall
480,"Feb 13, 2019",2019,Happy Death Day 2U,Thriller/Suspense,Live Action,28148130,36538385,64686515,February,Winter
481,"Jul 3, 2019",2019,Midsommar,Horror,Live Action,27426363,19417067,46843430,July,Summer
482,"Dec 20, 2019",2019,Cats,Musical,Animation/Live Action,27166770,48320914,75487684,December,Fall
483,"Aug 9, 2019",2019,The Art of Racing in the Rain,Drama,Live Action,26402818,4594209,30997027,August,Summer
484,"Oct 25, 2019",2019,Countdown,Horror,Live Action,25621766,11200023,36821789,October,Fall
485,"Feb 14, 2019",2019,Fighting With My Family,Comedy,Live Action,22958583,18544506,41503089,February,Winter
486,"May 17, 2019",2019,A Dogâs Journey,Drama,Live Action,22782371,54638821,77421192,May,Spring
487,"May 24, 2019",2019,Booksmart,Comedy,Live Action,22680962,2268850,24949812,May,Spring
488,"Jul 12, 2019",2019,Stuber,Comedy,Live Action,22370452,7264317,29634769,July,Summer
489,"Dec 13, 2019",2019,Richard Jewell,Drama,Live Action,22345542,20755028,43100570,December,Fall
490,"Aug 16, 2019",2019,47 Meters Down: Uncaged,Thriller/Suspense,Live Action,22260900,15728340,37989240,August,Summer
491,"Oct 25, 2019",2019,Black and Blue,Action,Live Action,22012729,667249,22679978,October,Fall
492,"Apr 12, 2019",2019,Hellboy,Horror,Live Action,21903748,18882732,40786480,April,Spring
493,"Jun 14, 2019",2019,Shaft,Comedy,Live Action,21360215,0,21360215,June,Spring
494,"Aug 9, 2019",2019,The Peanut Butter Falcon,Adventure,Live Action,20457158,2677090,23134248,August,Summer
495,"May 3, 2019",2019,UglyDolls,Adventure,Digital Animation,20150241,8012730,28162971,May,Spring
496,"Mar 29, 2019",2019,Unplanned,Drama,Live Action,19005109,2164525,21169634,March,Winter
497,"Nov 15, 2019",2019,Charlieâs Angels,Action,Live Action,17801306,55378697,73180003,November,Fall
498,"May 24, 2019",2019,BrightBurn,Horror,Live Action,17259427,15924215,33183642,May,Spring
499,"Nov 15, 2019",2019,The Good Liar,Thriller/Suspense,Live Action,17156058,16060159,33216217,November,Fall
500,"Jan 17, 2020",2020,Bad Boys For Life,Action,Live Action,204417855,220161959,424579814,January,Winter
501,"Feb 14, 2020",2020,Sonic The Hedgehog,Adventure,Animation/Live Action,146066470,159416630,305483100,February,Winter
502,"Feb 7, 2020",2020,Birds of Prey (And the Fantabulous Em…,Action,Live Action,84158461,117700000,201858461,February,Winter
503,"Jan 17, 2020",2020,Dolittle,Adventure,Animation/Live Action,77047065,172064722,249111787,January,Winter
504,"Feb 28, 2020",2020,The Invisible Man,Horror,Live Action,64914050,70028631,134942681,February,Winter
505,"Feb 21, 2020",2020,The Call of the Wild,Adventure,Live Action,62342368,45036299,107378667,February,Winter
506,"Mar 6, 2020",2020,Onward,Adventure,Digital Animation,61555145,67875862,129431007,March,Winter
507,"Sep 3, 2020",2020,Tenet,Action,Live Action,41200000,243700000,284900000,September,Summer
508,"Jan 24, 2020",2020,The Gentlemen,Action,Live Action,36471796,75448076,111919872,January,Winter
509,"Feb 14, 2020",2020,Fantasy Island,Horror,Live Action,26441782,26651991,53093773,February,Winter
510,"Jan 10, 2020",2020,Like a Boss,Comedy,Live Action,22169514,4385281,26554795,January,Winter
511,"Jan 3, 2020",2020,The Grudge,Horror,Live Action,21216148,28287117,49503265,January,Winter
512,"Feb 14, 2020",2020,The Photograph,Drama,Live Action,20578185,126196,20704381,February,Winter
513,"Aug 28, 2020",2020,The New Mutants,Horror,Live Action,19484246,19400000,38884246,August,Summer
514,"Jan 10, 2020",2020,Underwater,Thriller/Suspense,Live Action,17291078,21903186,39194264,January,Winter
515,"Aug 14, 2020",2020,Unhinged,Thriller/Suspense,Live Action,17157450,9027237,26184687,August,Summer
516,"Jan 24, 2020",2020,The Turning,Horror,Live Action,15472775,3000000,18472775,January,Winter
517,"Jan 31, 2020",2020,Gretel & Hansel,Horror,Live Action,15347654,6113706,21461360,January,Winter
518,"Mar 6, 2020",2020,The Way Back,Drama,Live Action,13590514,972895,14563409,March,Winter
519,"Feb 21, 2020",2020,Brahms: The Boy II,Horror,Live Action,12611536,6364941,18976477,February,Winter
520,"Feb 21, 2020",2020,Impractical Jokers: The Movie,Comedy,Live Action,10466091,0,10466091,February,Winter
521,"Mar 13, 2020",2020,I Still Believe,Drama,Live Action,10410004,4102268,14512272,March,Winter
522,"Feb 21, 2020",2020,Emma.,Drama,Live Action,10055355,15789686,25845041,February,Winter
523,"Mar 13, 2020",2020,Bloodshot,Action,Live Action,10021787,27294483,37316270,March,Winter
524,"Feb 14, 2020",2020,Downhill,Drama,Live Action,8287061,640113,8927174,February,Winter
525,"Mar 13, 2020",2020,The Hunt,Thriller/Suspense,Live Action,5812500,9829430,15641930,March,Winter
526,"Jan 31, 2020",2020,The Rhythm Section,Thriller/Suspense,Live Action,5437971,545072,5983043,January,Winter
527,"Aug 14, 2020",2020,The SpongeBob Movie: Sponge on the Run,Adventure,Digital Animation,4435735,0,4435735,August,Summer
528,"Sep 11, 2020",2020,The Broken Hearts Gallery,Romantic Comedy,Live Action,3238423,340461,3578884,September,Summer
529,"Aug 28, 2020",2020,Bill & Ted Face the Music,Comedy,Live Action,3195710,1296323,4492033,August,Summer
530,"Jan 24, 2020",2020,The Last Full Measure,Drama,Live Action,2949212,371899,3321111,January,Winter
531,"Sep 18, 2020",2020,Infidel,Thriller/Suspense,Live Action,2690735,0,2690735,September,Summer
532,"Aug 21, 2020",2020,Words on Bathroom Walls,Drama,Live Action,2343492,0,2343492,August,Summer
533,"Feb 7, 2020",2020,The Lodge,Horror,Live Action,2138907,951806,3090713,February,Winter
534,"May 1, 2020",2020,The Wretched,Horror,Live Action,1815440,1859049,3674489,May,Spring
535,"Aug 28, 2020",2020,The Personal History of David Copperf…,Drama,Live Action,1783313,10107982,11891295,August,Summer
536,"Jul 24, 2020",2020,The Rental,Thriller/Suspense,Live Action,1632803,338807,1971610,July,Summer
537,"Sep 11, 2020",2020,After We Collided,Drama,Live Action,1199425,24516464,25715889,September,Summer
538,"Feb 29, 2020",2020,Met Opera â Agrippina,Concert/Performance,Live Action,1150000,292512,1442512,February,Winter
539,"Jan 31, 2020",2020,The Assistant,Drama,Live Action,1100310,234194,1334504,January,Winter
540,"Jul 3, 2020",2020,Relic,Thriller/Suspense,Live Action,1047083,390412,1437495,July,Summer
541,"Jun 5, 2020",2020,Becky,Thriller/Suspense,Live Action,1002852,55759,1058611,June,Spring
542,"Aug 7, 2020",2020,The Tax Collector,Action,Live Action,942666,0,942666,August,Summer
543,"Jan 11, 2020",2020,Met Opera: Wozzeck,Concert/Performance,Live Action,863000,166603,1029603,January,Winter
544,"Jul 31, 2020",2020,Cut Throat City,Drama,Live Action,782379,4052,786431,July,Summer
545,"Jan 24, 2020",2020,Color Out of Space,Horror,Live Action,765561,285995,1051556,January,Winter
546,"Jun 19, 2020",2020,Followed,Horror,Live Action,538179,0,538179,June,Spring
547,"Jul 24, 2020",2020,The Big Ugly,Action,Live Action,514107,1292,515399,July,Summer
548,"Feb 21, 2020",2020,CatVideoFest,Documentary,Live Action,478775,35370,514145,February,Winter
549,"Feb 21, 2020",2020,Once Were Brothers: Robbie Robertson …,Documentary,Live Action,449561,105985,555546,February,Winter
550,"Feb 21, 2020",2020,Seberg,Thriller/Suspense,Live Action,448009,332391,780400,February,Winter
551,"Jun 12, 2020",2020,Infamous,Action,Live Action,429148,0,429148,June,Spring
552,"Aug 21, 2020",2020,Tulsa,Comedy,Live Action,292376,0,292376,August,Summer
553,"Jan 31, 2020",2020,Created Equal: Clarence Thomas in His…,Documentary,Live Action,282149,0,282149,January,Winter
554,"Sep 16, 2020",2020,The Secrets We Keep,Thriller/Suspense,Live Action,253337,11104,264441,September,Summer
555,"Sep 25, 2020",2020,The Last Shift,Comedy,Live Action,235000,0,235000,September,Summer
556,"Sep 25, 2020",2020,Kajillionaire,Drama,Live Action,215675,0,215675,September,Summer
557,"Feb 12, 2020",2020,The Doors: Break on Thru â A Celebr…,Documentary,Live Action,186920,0,186920,February,Winter
558,"Sep 18, 2020",2020,Alone,Thriller/Suspense,Live Action,182473,27025,209498,September,Summer
559,"Mar 6, 2020",2020,The Burnt Orange Heresy,Thriller/Suspense,Live Action,144201,358190,502391,March,Winter
560,"Feb 28, 2020",2020,Wendy,Drama,Live Action,143518,1776,145294,February,Winter
561,"Jul 10, 2020",2020,Archive,,Live Action,139593,87741,227334,July,Summer
562,"Feb 28, 2020",2020,Burden,Drama,Live Action,139270,300609,439879,February,Winter
563,"Mar 6, 2020",2020,Beneath Us,Horror,Live Action,137260,0,137260,March,Winter
564,"Feb 14, 2020",2020,The Times of Bill Cunningham,Documentary,Live Action,134288,0,134288,February,Winter
565,"Sep 18, 2020",2020,Follow Me,Horror,Live Action,128512,2313693,2442205,September,Summer
566,"Feb 28, 2020",2020,Saint Frances,Multiple Genres,Live Action,127275,14923,142198,February,Winter
567,"Mar 6, 2020",2020,Hope Gap,Drama,Live Action,104732,436550,541282,March,Winter
568,"Mar 6, 2020",2020,First Cow,Drama,Live Action,101068,0,101068,March,Winter
569,"Aug 14, 2020",2020,The Silencing,Thriller/Suspense,Live Action,100746,0,100746,August,Summer
570,"Aug 21, 2020",2020,Tesla,Drama,Live Action,91169,103891,195060,August,Summer
571,"Feb 14, 2020",2020,First Lady,Romantic Comedy,Live Action,89885,0,89885,February,Winter
572,"Apr 10, 2020",2020,We Summon the Darkness,Horror,Live Action,60794,85645,146439,April,Spring
573,"Sep 3, 2020",2020,My Brothersâ Crossing,Drama,Live Action,54429,0,54429,September,Summer
574,"Feb 14, 2020",2020,A Simple Wedding,Romantic Comedy,Live Action,54415,0,54415,February,Winter
575,"Jan 12, 2020",2020,VHYes,Comedy,Live Action,47037,0,47037,January,Winter
576,"Sep 18, 2020",2020,The Way I See it,Documentary,Live Action,44515,0,44515,September,Summer
577,"Jan 10, 2020",2020,Three Christs,Drama,Live Action,37788,0,37788,January,Winter
578,"Apr 17, 2020",2020,Other Music,Documentary,Live Action,37191,0,37191,April,Spring
579,"Aug 7, 2020",2020,Juvenile Delinquents,Drama,Live Action,34292,2640,36932,August,Summer
580,"Mar 6, 2020",2020,Swallow,Thriller/Suspense,Live Action,33419,242946,276365,March,Winter
581,"May 29, 2020",2020,Max Winslow and the House of Secrets,Thriller/Suspense,Live Action,31252,0,31252,May,Spring
582,"Feb 12, 2020",2020,After Parkland,Documentary,Live Action,30444,0,30444,February,Winter
583,"Sep 11, 2020",2020,Rent-A-Pal,Horror,Live Action,29615,0,29615,September,Summer
584,"Feb 14, 2020",2020,Olympic Dreams,Romantic Comedy,Live Action,29450,0,29450,February,Winter
585,"Feb 21, 2020",2020,Tread,Documentary,Live Action,29136,0,29136,February,Winter
586,"Feb 14, 2020",2020,Buffaloed,Comedy,Live Action,29118,0,29118,February,Winter
587,"Feb 7, 2020",2020,Cane River,Drama,Live Action,27317,0,27317,February,Winter
588,"Jan 31, 2020",2020,JosÃ©,Drama,Live Action,26563,0,26563,January,Winter
589,"Mar 6, 2020",2020,The Booksellers,Documentary,Live Action,25694,134785,160479,March,Winter
590,"Feb 21, 2020",2020,Premature,Drama,Live Action,23071,0,23071,February,Winter
591,"Aug 14, 2020",2020,Spree,Black Comedy,Live Action,20480,14315,34795,August,Summer
592,"Jan 17, 2020",2020,Lore,Thriller/Suspense,Live Action,20006,0,20006,January,Winter
593,"Jun 19, 2020",2020,Quarantine Cat Film Fest,Documentary,Live Action,20000,0,20000,June,Spring
594,"Sep 18, 2020",2020,Foster Boy,Drama,Live Action,19046,0,19046,September,Summer
595,"Feb 28, 2020",2020,The Jesus Rolls,Comedy,Live Action,18169,46400,64569,February,Winter
596,"Mar 13, 2020",2020,"Never, Rarely, Sometimes, Always",Drama,Live Action,16565,142682,159247,March,Winter
597,"Aug 28, 2020",2020,Centigrade,Thriller/Suspense,Live Action,16263,0,16263,August,Summer
598,"Apr 24, 2020",2020,Pahokee,Documentary,Live Action,13250,0,13250,April,Spring
599,"Jul 31, 2020",2020,Killer Raccoons 2: Dark Christmas in …,Comedy,Live Action,12382,0,12382,July,Summer
